fp,status,id,cpu,memory,duration,source
c:\users\driesseb\dev\openeo-classification\src\openeo_classification\resources\training_data\crops_of_interest\terrascope\sampleable_polygons_year2017_zone31_id1110_p0.json,finished,7ead29e9-9d21-47c6-86e1-de4e9df40b28,80124 cpu-seconds,326491741 mb-seconds,1053,tbd
c:\users\driesseb\dev\openeo-classification\src\openeo_classification\resources\training_data\crops_of_interest\terrascope\sampleable_polygons_year2017_zone31_id1200_p0.json,finished,c8ea6dc9-f9b6-487e-a2c6-24a3580dae3e,85765 cpu-seconds,349299555 mb-seconds,1078,tbd
c:\users\driesseb\dev\openeo-classification\src\openeo_classification\resources\training_data\crops_of_interest\terrascope\sampleable_polygons_year2017_zone31_id1200_p1.json,finished,82d225dc-d47d-470f-a070-91e528baa15b,65206 cpu-seconds,265877766 mb-seconds,782,tbd
c:\users\driesseb\dev\openeo-classification\src\openeo_classification\resources\training_data\crops_of_interest\terrascope\sampleable_polygons_year2017_zone31_id1200_p2.json,finished,193efeb0-8559-4350-9018-559326c4579d,71326 cpu-seconds,290668145 mb-seconds,816,tbd
c:\users\driesseb\dev\openeo-classification\src\openeo_classification\resources\training_data\crops_of_interest\terrascope\sampleable_polygons_year2017_zone31_id1510_p0.json,finished,98aa69fd-c84c-4428-8c6a-6607861c0cee,29772 cpu-seconds,121408013 mb-seconds,409,tbd
c:\users\driesseb\dev\openeo-classification\src\openeo_classification\resources\training_data\crops_of_interest\terrascope\sampleable_polygons_year2017_zone31_id1910_p0.json,finished,4647952e-7765-43d5-a816-2f03f4942c46,26216 cpu-seconds,106818140 mb-seconds,379,tbd
c:\users\driesseb\dev\openeo-classification\src\openeo_classification\resources\training_data\crops_of_interest\terrascope\sampleable_polygons_year2017_zone31_id4351_p0.json,finished,e3883224-c64d-45af-8fef-ae2c6ae4189f,1540 cpu-seconds,5812175 mb-seconds,248,tbd
c:\users\driesseb\dev\openeo-classification\src\openeo_classification\resources\training_data\crops_of_interest\terrascope\sampleable_polygons_year2017_zone31_id5100_p0.json,finished,31c068cc-58de-42b2-bfc9-9a4c044e6ddf,48201 cpu-seconds,196558094 mb-seconds,580,tbd
c:\users\driesseb\dev\openeo-classification\src\openeo_classification\resources\training_data\crops_of_interest\terrascope\sampleable_polygons_year2017_zone31_id5100_p1.json,finished,53b459d4-01cc-4e78-b972-276abb9640f2,45024 cpu-seconds,183593404 mb-seconds,561,tbd
c:\users\driesseb\dev\openeo-classification\src\openeo_classification\resources\training_data\crops_of_interest\terrascope\sampleable_polygons_year2017_zone31_id8100_p0.json,finished,4cc5af1e-e5d5-4725-b6fa-b4029a0ecb94,28470 cpu-seconds,115984241 mb-seconds,447,tbd
c:\users\driesseb\dev\openeo-classification\src\openeo_classification\resources\training_data\crops_of_interest\terrascope\sampleable_polygons_year2017_zone31_id910091109120_p0.json,finished,00d8c21d-d6b3-4223-83b0-04eb8b6d125c,53666 cpu-seconds,218800449 mb-seconds,630,tbd
c:\users\driesseb\dev\openeo-classification\src\openeo_classification\resources\training_data\crops_of_interest\sentinelhub\sampleable_polygons_year2017_zone32_id1110_p0.json,finished,2c5102b1-883a-447c-8529-d26c8c494b9d,17933 cpu-seconds,72369917 mb-seconds,578,tbd
c:\users\driesseb\dev\openeo-classification\src\openeo_classification\resources\training_data\crops_of_interest\sentinelhub\sampleable_polygons_year2017_zone32_id1200_p0.json,finished,79fac068-566a-4f0a-aad3-2a6ee4a936bf,49412 cpu-seconds,201446930 mb-seconds,715,tbd
c:\users\driesseb\dev\openeo-classification\src\openeo_classification\resources\training_data\crops_of_interest\sentinelhub\sampleable_polygons_year2017_zone32_id1510_p0.json,finished,43280762-f1d3-4a26-a660-02e5ccd26b81,3991 cpu-seconds,15300704 mb-seconds,524,tbd
c:\users\driesseb\dev\openeo-classification\src\openeo_classification\resources\training_data\crops_of_interest\sentinelhub\sampleable_polygons_year2017_zone32_id1910_p0.json,finished,5ce05b1c-8c13-46c9-b09a-11e38a7455dd,22554 cpu-seconds,91653951 mb-seconds,601,tbd
c:\users\driesseb\dev\openeo-classification\src\openeo_classification\resources\training_data\crops_of_interest\sentinelhub\sampleable_polygons_year2017_zone32_id4351_p0.json,finished,57f81f8f-e9eb-4b18-b903-88e54eb86fd8,10951 cpu-seconds,44166306 mb-seconds,434,tbd
c:\users\driesseb\dev\openeo-classification\src\openeo_classification\resources\training_data\crops_of_interest\sentinelhub\sampleable_polygons_year2017_zone32_id8100_p0.json,finished,aa8dbef3-43df-44f4-9be2-7d2c4d418232,7422 cpu-seconds,29398913 mb-seconds,553,tbd
c:\users\driesseb\dev\openeo-classification\src\openeo_classification\resources\training_data\crops_of_interest\sentinelhub\sampleable_polygons_year2017_zone32_id910091109120_p0.json,finished,c4b5a927-d3d3-4385-94a8-acd2159477af,167884 cpu-seconds,684089875 mb-seconds,2029,tbd
c:\users\driesseb\dev\openeo-classification\src\openeo_classification\resources\training_data\crops_of_interest\sentinelhub\sampleable_polygons_year2017_zone33_id1110_p0.json,error,5acb13dd-1752-4768-a421-7a0fb826e714,73554 cpu-seconds,299558312 mb-seconds,975,tbd
c:\users\driesseb\dev\openeo-classification\src\openeo_classification\resources\training_data\crops_of_interest\sentinelhub\sampleable_polygons_year2017_zone33_id1110_p1.json,error,f2a39c01-cec9-4c64-bb41-bb79815ee518,66119 cpu-seconds,269429230 mb-seconds,804,tbd
c:\users\driesseb\dev\openeo-classification\src\openeo_classification\resources\training_data\crops_of_interest\sentinelhub\sampleable_polygons_year2017_zone33_id1200_p0.json,error,45dfa833-558b-4580-aa24-63c38a707436,39231 cpu-seconds,159838305 mb-seconds,561,tbd
c:\users\driesseb\dev\openeo-classification\src\openeo_classification\resources\training_data\crops_of_interest\sentinelhub\sampleable_polygons_year2017_zone33_id1200_p1.json,error,bacc11ae-a222-46bb-a845-1a0ed97697d4,43908 cpu-seconds,178813350 mb-seconds,620,tbd
c:\users\driesseb\dev\openeo-classification\src\openeo_classification\resources\training_data\crops_of_interest\sentinelhub\sampleable_polygons_year2017_zone33_id1510_p0.json,error,eba0f896-90b7-44ad-bf93-59afe7ce9533,35691 cpu-seconds,145139786 mb-seconds,638,tbd
c:\users\driesseb\dev\openeo-classification\src\openeo_classification\resources\training_data\crops_of_interest\sentinelhub\sampleable_polygons_year2017_zone33_id1510_p1.json,error,c2d14d07-3aba-4a00-b5a2-82310f117557,45247 cpu-seconds,184308867 mb-seconds,608,tbd
c:\users\driesseb\dev\openeo-classification\src\openeo_classification\resources\training_data\crops_of_interest\sentinelhub\sampleable_polygons_year2017_zone33_id1910_p0.json,error,19f1051e-f6df-4a54-acf0-49b58e8b68c0,29165 cpu-seconds,118520618 mb-seconds,603,tbd
c:\users\driesseb\dev\openeo-classification\src\openeo_classification\resources\training_data\crops_of_interest\sentinelhub\sampleable_polygons_year2017_zone33_id1910_p1.json,error,84400fd7-b0dc-4421-aeca-a55bcbd65838,58589 cpu-seconds,238476111 mb-seconds,867,tbd
c:\users\driesseb\dev\openeo-classification\src\openeo_classification\resources\training_data\crops_of_interest\sentinelhub\sampleable_polygons_year2017_zone33_id4351_p0.json,error,ed1744d4-e6ee-4600-bd4d-47b1f6a99db1,39576 cpu-seconds,161064849 mb-seconds,620,tbd
c:\users\driesseb\dev\openeo-classification\src\openeo_classification\resources\training_data\crops_of_interest\sentinelhub\sampleable_polygons_year2017_zone33_id5100_p0.json,error,664bcc53-6f60-4c9e-af7b-da7454a8dc61,47674 cpu-seconds,193136296 mb-seconds,1191,tbd
c:\users\driesseb\dev\openeo-classification\src\openeo_classification\resources\training_data\crops_of_interest\sentinelhub\sampleable_polygons_year2017_zone33_id8100_p0.json,error,47cef647-ee2d-4041-b448-35df0c7554a8,17606 cpu-seconds,71027685 mb-seconds,581,tbd
c:\users\driesseb\dev\openeo-classification\src\openeo_classification\resources\training_data\crops_of_interest\sentinelhub\sampleable_polygons_year2017_zone33_id910091109120_p0.json,error,ffef5b07-30b4-42c6-9264-c9f9f2744b7c,62859 cpu-seconds,256064113 mb-seconds,784,tbd
c:\users\driesseb\dev\openeo-classification\src\openeo_classification\resources\training_data\crops_of_interest\sentinelhub\sampleable_polygons_year2017_zone33_id910091109120_p1.json,error,60a30c38-bece-458e-ac9a-3aa44bb1aae7,70505 cpu-seconds,287226180 mb-seconds,945,tbd
c:\users\driesseb\dev\openeo-classification\src\openeo_classification\resources\training_data\crops_of_interest\sentinelhub\sampleable_polygons_year2017_zone33_id910091109120_p2.json,error,1608985e-b9cf-4191-8efa-048a7f2add7f,63228 cpu-seconds,257525362 mb-seconds,821,tbd
c:\users\driesseb\dev\openeo-classification\src\openeo_classification\resources\training_data\crops_of_interest\sentinelhub\sampleable_polygons_year2017_zone31_id1110_p0.json,finished,bc541e0f-48fc-4e6b-971f-a10b83c76922,171498 cpu-seconds,698485544 mb-seconds,2257,tbd
c:\users\driesseb\dev\openeo-classification\src\openeo_classification\resources\training_data\crops_of_interest\sentinelhub\sampleable_polygons_year2017_zone31_id1110_p1.json,finished,6655ec88-e628-486f-bfd0-ed757753ab78,194752 cpu-seconds,792856327 mb-seconds,2657,tbd
c:\users\driesseb\dev\openeo-classification\src\openeo_classification\resources\training_data\crops_of_interest\sentinelhub\sampleable_polygons_year2017_zone31_id1110_p2.json,finished,482fe104-9fc3-4542-899e-de4960199b66,207368 cpu-seconds,844554987 mb-seconds,2629,tbd
c:\users\driesseb\dev\openeo-classification\src\openeo_classification\resources\training_data\crops_of_interest\sentinelhub\sampleable_polygons_year2017_zone31_id1110_p3.json,finished,47ff2ffe-43bd-4dc6-974e-0a216671075d,163859 cpu-seconds,667427124 mb-seconds,1987,tbd
c:\users\driesseb\dev\openeo-classification\src\openeo_classification\resources\training_data\crops_of_interest\sentinelhub\sampleable_polygons_year2017_zone31_id1200_p0.json,finished,4f1c40ca-dc7b-43d6-b859-f027313ea7b9,169940 cpu-seconds,692180923 mb-seconds,2081,tbd
c:\users\driesseb\dev\openeo-classification\src\openeo_classification\resources\training_data\crops_of_interest\sentinelhub\sampleable_polygons_year2017_zone31_id1200_p1.json,finished,2c184d02-4388-4099-9f5a-63d10e5cb175,181379 cpu-seconds,738968041 mb-seconds,2234,tbd
c:\users\driesseb\dev\openeo-classification\src\openeo_classification\resources\training_data\crops_of_interest\sentinelhub\sampleable_polygons_year2017_zone31_id1510_p0.json,finished,3478045c-26c4-40f1-8cb6-7785406f0e2d,168818 cpu-seconds,687788641 mb-seconds,2024,tbd
c:\users\driesseb\dev\openeo-classification\src\openeo_classification\resources\training_data\crops_of_interest\sentinelhub\sampleable_polygons_year2017_zone31_id1510_p1.json,finished,35c46742-6a53-4abc-a1db-b1fdb31e846e,171469 cpu-seconds,698513423 mb-seconds,2043,tbd
c:\users\driesseb\dev\openeo-classification\src\openeo_classification\resources\training_data\crops_of_interest\sentinelhub\sampleable_polygons_year2017_zone31_id1510_p2.json,finished,24793779-1d58-4e54-9234-ba9194012178,151858 cpu-seconds,618678777 mb-seconds,1917,tbd
c:\users\driesseb\dev\openeo-classification\src\openeo_classification\resources\training_data\crops_of_interest\sentinelhub\sampleable_polygons_year2017_zone31_id1510_p3.json,finished,c24a8280-c186-4316-a0b1-6df5d7e45a40,172181 cpu-seconds,701347260 mb-seconds,2150,tbd
c:\users\driesseb\dev\openeo-classification\src\openeo_classification\resources\training_data\crops_of_interest\sentinelhub\sampleable_polygons_year2017_zone31_id1910_p0.json,finished,06a63cc9-2609-4db6-8ba2-40dfefa31e7a,98619 cpu-seconds,401655695 mb-seconds,1291,tbd
c:\users\driesseb\dev\openeo-classification\src\openeo_classification\resources\training_data\crops_of_interest\sentinelhub\sampleable_polygons_year2017_zone31_id1910_p1.json,finished,a7640079-feac-4d08-944e-81643dc03e18,117926 cpu-seconds,480408929 mb-seconds,1512,tbd
c:\users\driesseb\dev\openeo-classification\src\openeo_classification\resources\training_data\crops_of_interest\sentinelhub\sampleable_polygons_year2017_zone31_id4351_p0.json,finished,b9d8dee5-d927-48a6-86f2-3c77ed76cb7b,141613 cpu-seconds,576877415 mb-seconds,1733,tbd
c:\users\driesseb\dev\openeo-classification\src\openeo_classification\resources\training_data\crops_of_interest\sentinelhub\sampleable_polygons_year2017_zone31_id4351_p1.json,finished,2472a0e9-243a-4d66-98c0-efd7e1812615,136937 cpu-seconds,558206920 mb-seconds,1676,tbd
c:\users\driesseb\dev\openeo-classification\src\openeo_classification\resources\training_data\crops_of_interest\sentinelhub\sampleable_polygons_year2017_zone31_id4351_p2.json,finished,74d97c0c-efdf-4abb-a0fe-6cd56600e8ec,170852 cpu-seconds,696495950 mb-seconds,2053,tbd
c:\users\driesseb\dev\openeo-classification\src\openeo_classification\resources\training_data\crops_of_interest\sentinelhub\sampleable_polygons_year2017_zone31_id5100_p0.json,finished,171a64ef-6dd2-473b-b679-8e73f1f405be,78087 cpu-seconds,317758583 mb-seconds,1212,tbd
c:\users\driesseb\dev\openeo-classification\src\openeo_classification\resources\training_data\crops_of_interest\sentinelhub\sampleable_polygons_year2017_zone31_id8100_p0.json,finished,41e4e738-d59c-4fbb-b5c1-faf1857524d7,81374 cpu-seconds,331643949 mb-seconds,1045,tbd
c:\users\driesseb\dev\openeo-classification\src\openeo_classification\resources\training_data\crops_of_interest\sentinelhub\sampleable_polygons_year2017_zone31_id910091109120_p0.json,finished,3a1e92aa-8eb3-4a0c-aee7-5a949868988e,196266 cpu-seconds,799404603 mb-seconds,2390,tbd
c:\users\driesseb\dev\openeo-classification\src\openeo_classification\resources\training_data\crops_of_interest\sentinelhub\sampleable_polygons_year2017_zone31_id910091109120_p1.json,finished,3a4eb85d-7812-4ae7-955e-5db7d8d077ea,190458 cpu-seconds,775904571 mb-seconds,2317,tbd
c:\users\driesseb\dev\openeo-classification\src\openeo_classification\resources\training_data\crops_of_interest\sentinelhub\sampleable_polygons_year2017_zone31_id910091109120_p2.json,finished,9f8924a7-6478-4ed8-bdd3-a66831dcf75f,182253 cpu-seconds,742402441 mb-seconds,2223,tbd
c:\users\driesseb\dev\openeo-classification\src\openeo_classification\resources\training_data\crops_of_interest\sentinelhub\sampleable_polygons_year2017_zone30_id1110_p0.json,finished,d26a4f12-0e4d-428b-9e88-ceea165d92e1,127043 cpu-seconds,517649692 mb-seconds,1587,tbd
c:\users\driesseb\dev\openeo-classification\src\openeo_classification\resources\training_data\crops_of_interest\sentinelhub\sampleable_polygons_year2017_zone30_id1110_p1.json,finished,876aad26-f717-4cf0-a8df-06e183f2b72d,133452 cpu-seconds,543658690 mb-seconds,1719,tbd
c:\users\driesseb\dev\openeo-classification\src\openeo_classification\resources\training_data\crops_of_interest\sentinelhub\sampleable_polygons_year2017_zone30_id1110_p2.json,finished,55fcd5ec-1e8f-4a3f-b82b-7a7f469ae18b,127543 cpu-seconds,519626263 mb-seconds,1683,tbd
c:\users\driesseb\dev\openeo-classification\src\openeo_classification\resources\training_data\crops_of_interest\sentinelhub\sampleable_polygons_year2017_zone30_id1200_p0.json,finished,a5b9f1f1-80f1-424a-953f-9c063142f4aa,155664 cpu-seconds,634147373 mb-seconds,1824,tbd
c:\users\driesseb\dev\openeo-classification\src\openeo_classification\resources\training_data\crops_of_interest\sentinelhub\sampleable_polygons_year2017_zone30_id1200_p1.json,finished,9ec0131a-43fd-48f7-8483-bab0eda2d070,166434 cpu-seconds,678107063 mb-seconds,1933,tbd
c:\users\driesseb\dev\openeo-classification\src\openeo_classification\resources\training_data\crops_of_interest\sentinelhub\sampleable_polygons_year2017_zone30_id1200_p2.json,finished,63ec7041-9197-4988-b137-68aa06bd36f7,137466 cpu-seconds,560294203 mb-seconds,1628,tbd
c:\users\driesseb\dev\openeo-classification\src\openeo_classification\resources\training_data\crops_of_interest\sentinelhub\sampleable_polygons_year2017_zone30_id1510_p0.json,finished,05edded6-e798-40fe-8de3-24f2a8710646,120871 cpu-seconds,492463540 mb-seconds,1571,tbd
c:\users\driesseb\dev\openeo-classification\src\openeo_classification\resources\training_data\crops_of_interest\sentinelhub\sampleable_polygons_year2017_zone30_id1510_p1.json,finished,23fb0f2e-caf4-4e78-a935-268a13e252e1,99880 cpu-seconds,406887908 mb-seconds,1259,tbd
c:\users\driesseb\dev\openeo-classification\src\openeo_classification\resources\training_data\crops_of_interest\sentinelhub\sampleable_polygons_year2017_zone30_id1910_p0.json,finished,fd5f7825-b258-4d49-ab7b-6c364970c38e,55479 cpu-seconds,225658823 mb-seconds,936,tbd
c:\users\driesseb\dev\openeo-classification\src\openeo_classification\resources\training_data\crops_of_interest\sentinelhub\sampleable_polygons_year2017_zone30_id4351_p0.json,finished,ea8d062d-f491-48c9-80b7-66263d2b0078,83639 cpu-seconds,340669718 mb-seconds,1119,tbd
c:\users\driesseb\dev\openeo-classification\src\openeo_classification\resources\training_data\crops_of_interest\sentinelhub\sampleable_polygons_year2017_zone30_id4351_p1.json,finished,0f3934e4-9d31-412f-89c8-000d9d81fc97,87925 cpu-seconds,358261880 mb-seconds,1116,tbd
c:\users\driesseb\dev\openeo-classification\src\openeo_classification\resources\training_data\crops_of_interest\sentinelhub\sampleable_polygons_year2017_zone30_id5100_p0.json,finished,27e52e23-c1eb-45e5-b513-d00c221721af,30793 cpu-seconds,125046995 mb-seconds,666,tbd
c:\users\driesseb\dev\openeo-classification\src\openeo_classification\resources\training_data\crops_of_interest\sentinelhub\sampleable_polygons_year2017_zone30_id8100_p0.json,finished,efcc1bd7-696c-4d6c-b7ec-75da654a79e8,46191 cpu-seconds,187770757 mb-seconds,912,tbd
c:\users\driesseb\dev\openeo-classification\src\openeo_classification\resources\training_data\crops_of_interest\sentinelhub\sampleable_polygons_year2017_zone30_id910091109120_p0.json,finished,3aef0626-f300-4e9d-8de5-c7cdb90d13cb,109835 cpu-seconds,447406098 mb-seconds,1362,tbd
c:\users\driesseb\dev\openeo-classification\src\openeo_classification\resources\training_data\crops_of_interest\sentinelhub\sampleable_polygons_year2017_zone30_id910091109120_p1.json,finished,816eda91-5e0a-4b68-a30a-ad4db80b443e,133988 cpu-seconds,546316081 mb-seconds,1581,tbd
c:\users\driesseb\dev\openeo-classification\src\openeo_classification\resources\training_data\crops_of_interest\terrascope\sampleable_polygons_year2018_zone31_id1110_p0.json,finished,725e476e-7887-4e0e-a701-5abda2e0cdcb,53880 cpu-seconds,219551845 mb-seconds,702,tbd
c:\users\driesseb\dev\openeo-classification\src\openeo_classification\resources\training_data\crops_of_interest\terrascope\sampleable_polygons_year2018_zone31_id1110_p1.json,finished,d0163cb5-59d6-40f6-8d91-7fc330a0bd16,70561 cpu-seconds,287762613 mb-seconds,833,tbd
c:\users\driesseb\dev\openeo-classification\src\openeo_classification\resources\training_data\crops_of_interest\terrascope\sampleable_polygons_year2018_zone31_id1200_p0.json,finished,4387459c-09ea-4837-835f-4dd2c88e7a6c,60264 cpu-seconds,245728886 mb-seconds,708,tbd
c:\users\driesseb\dev\openeo-classification\src\openeo_classification\resources\training_data\crops_of_interest\terrascope\sampleable_polygons_year2018_zone31_id1200_p1.json,finished,86043027-96ea-4231-87cc-9b7ae8c49930,56821 cpu-seconds,231558283 mb-seconds,697,tbd
c:\users\driesseb\dev\openeo-classification\src\openeo_classification\resources\training_data\crops_of_interest\terrascope\sampleable_polygons_year2018_zone31_id1200_p2.json,finished,c57e8fb2-13a9-4034-b3d4-830cdac5bc4b,66032 cpu-seconds,269029810 mb-seconds,826,tbd
c:\users\driesseb\dev\openeo-classification\src\openeo_classification\resources\training_data\crops_of_interest\terrascope\sampleable_polygons_year2018_zone31_id1200_p3.json,finished,03e32f6e-2a9f-42ec-afbf-ea147a1936a9,53115 cpu-seconds,216574967 mb-seconds,632,tbd
c:\users\driesseb\dev\openeo-classification\src\openeo_classification\resources\training_data\crops_of_interest\terrascope\sampleable_polygons_year2018_zone31_id1200_p4.json,finished,33d9d8e7-9f02-4696-8069-06d5f2374ee5,58779 cpu-seconds,239724787 mb-seconds,674,tbd
c:\users\driesseb\dev\openeo-classification\src\openeo_classification\resources\training_data\crops_of_interest\terrascope\sampleable_polygons_year2018_zone31_id1200_p5.json,finished,df702f30-12d7-43c5-bec1-be023313025c,58598 cpu-seconds,238754914 mb-seconds,728,tbd
c:\users\driesseb\dev\openeo-classification\src\openeo_classification\resources\training_data\crops_of_interest\terrascope\sampleable_polygons_year2018_zone31_id1200_p6.json,finished,355b0c28-df6d-474d-b76a-a549e4f141a5,56456 cpu-seconds,230122118 mb-seconds,668,tbd
c:\users\driesseb\dev\openeo-classification\src\openeo_classification\resources\training_data\crops_of_interest\terrascope\sampleable_polygons_year2018_zone31_id1510_p0.json,finished,b2dae055-7304-4cc0-a96f-95ce84d4ebcd,39316 cpu-seconds,160228334 mb-seconds,522,tbd
c:\users\driesseb\dev\openeo-classification\src\openeo_classification\resources\training_data\crops_of_interest\terrascope\sampleable_polygons_year2018_zone31_id1510_p1.json,finished,7b379ac5-ef2b-4c69-ab9f-932ffce441ab,36835 cpu-seconds,150109230 mb-seconds,518,tbd
c:\users\driesseb\dev\openeo-classification\src\openeo_classification\resources\training_data\crops_of_interest\terrascope\sampleable_polygons_year2018_zone31_id1910_p0.json,finished,c854f133-df98-4705-86d9-915db71b7784,19815 cpu-seconds,80590542 mb-seconds,384,tbd
c:\users\driesseb\dev\openeo-classification\src\openeo_classification\resources\training_data\crops_of_interest\terrascope\sampleable_polygons_year2018_zone31_id4351_p0.json,finished,08ff972c-05c2-4da3-b1a5-dab322371928,12983 cpu-seconds,52794084 mb-seconds,276,tbd
c:\users\driesseb\dev\openeo-classification\src\openeo_classification\resources\training_data\crops_of_interest\terrascope\sampleable_polygons_year2018_zone31_id5100_p0.json,finished,15270ddf-bd47-46f2-8a98-badd3cd76152,45742 cpu-seconds,186385219 mb-seconds,576,tbd
c:\users\driesseb\dev\openeo-classification\src\openeo_classification\resources\training_data\crops_of_interest\terrascope\sampleable_polygons_year2018_zone31_id5100_p1.json,finished,1ce837a6-ce9b-4dda-b491-a2464840d78c,54789 cpu-seconds,223328338 mb-seconds,650,tbd
c:\users\driesseb\dev\openeo-classification\src\openeo_classification\resources\training_data\crops_of_interest\terrascope\sampleable_polygons_year2018_zone31_id5100_p2.json,finished,ee9e51c8-f8a1-4685-b626-4f5581302a1e,50307 cpu-seconds,205042054 mb-seconds,630,tbd
c:\users\driesseb\dev\openeo-classification\src\openeo_classification\resources\training_data\crops_of_interest\terrascope\sampleable_polygons_year2018_zone31_id5100_p3.json,finished,6ad530f2-ffd8-4b04-ab9c-a904554f6cd4,51044 cpu-seconds,208160401 mb-seconds,603,tbd
c:\users\driesseb\dev\openeo-classification\src\openeo_classification\resources\training_data\crops_of_interest\terrascope\sampleable_polygons_year2018_zone31_id5100_p4.json,finished,6c605ba2-2394-4391-9712-66232e625d79,54494 cpu-seconds,222150070 mb-seconds,636,tbd
c:\users\driesseb\dev\openeo-classification\src\openeo_classification\resources\training_data\crops_of_interest\terrascope\sampleable_polygons_year2018_zone31_id8100_p0.json,finished,ac67915c-bf3a-44e5-a4d6-21b31c9c9de5,40594 cpu-seconds,165489145 mb-seconds,511,tbd
c:\users\driesseb\dev\openeo-classification\src\openeo_classification\resources\training_data\crops_of_interest\terrascope\sampleable_polygons_year2018_zone31_id8100_p1.json,finished,6b8fe892-d82f-436b-8e78-e10f033d7b39,40299 cpu-seconds,164263274 mb-seconds,490,tbd
c:\users\driesseb\dev\openeo-classification\src\openeo_classification\resources\training_data\crops_of_interest\terrascope\sampleable_polygons_year2018_zone31_id910091109120_p0.json,finished,6d40da4c-9e54-4068-bf87-2229d2d93ae6,60820 cpu-seconds,247880196 mb-seconds,715,tbd
c:\users\driesseb\dev\openeo-classification\src\openeo_classification\resources\training_data\crops_of_interest\terrascope\sampleable_polygons_year2018_zone31_id910091109120_p1.json,finished,81540c5f-1117-40a2-839c-cd8f31d43920,57671 cpu-seconds,235096955 mb-seconds,697,tbd
c:\users\driesseb\dev\openeo-classification\src\openeo_classification\resources\training_data\crops_of_interest\sentinelhub\sampleable_polygons_year2018_zone32_id1110_p0.json,finished,7ee939ee-858f-42b5-990f-fb34d6da94c0,35859 cpu-seconds,145487422 mb-seconds,856,tbd
c:\users\driesseb\dev\openeo-classification\src\openeo_classification\resources\training_data\crops_of_interest\sentinelhub\sampleable_polygons_year2018_zone32_id1200_p0.json,finished,e4253f06-4f02-4eea-9a51-767a0dd99227,69835 cpu-seconds,284610297 mb-seconds,1000,tbd
c:\users\driesseb\dev\openeo-classification\src\openeo_classification\resources\training_data\crops_of_interest\sentinelhub\sampleable_polygons_year2018_zone32_id1510_p0.json,finished,f5b3df70-6fdd-496c-bce2-7337568f3df4,26383 cpu-seconds,107021655 mb-seconds,620,tbd
c:\users\driesseb\dev\openeo-classification\src\openeo_classification\resources\training_data\crops_of_interest\sentinelhub\sampleable_polygons_year2018_zone32_id1910_p0.json,finished,5c19e48c-833b-46d9-920c-c4cf7cc5f1f5,4049 cpu-seconds,15433832 mb-seconds,569,tbd
c:\users\driesseb\dev\openeo-classification\src\openeo_classification\resources\training_data\crops_of_interest\sentinelhub\sampleable_polygons_year2018_zone32_id4351_p0.json,finished,8ae73c76-d4b7-4db6-b06f-cb76f0e83ddc,19482 cpu-seconds,79193963 mb-seconds,559,tbd
c:\users\driesseb\dev\openeo-classification\src\openeo_classification\resources\training_data\crops_of_interest\sentinelhub\sampleable_polygons_year2018_zone32_id5100_p0.json,finished,f714eeb2-ad08-4983-a235-a9d47ea98885,29631 cpu-seconds,120269234 mb-seconds,711,tbd
c:\users\driesseb\dev\openeo-classification\src\openeo_classification\resources\training_data\crops_of_interest\sentinelhub\sampleable_polygons_year2018_zone32_id8100_p0.json,finished,6b456b65-77b7-4eab-9eb8-05b61a023b38,3732 cpu-seconds,14440202 mb-seconds,431,tbd
c:\users\driesseb\dev\openeo-classification\src\openeo_classification\resources\training_data\crops_of_interest\sentinelhub\sampleable_polygons_year2018_zone32_id910091109120_p0.json,finished,3a0cf28f-e6dd-4c25-915f-f1f0a342f383,160612 cpu-seconds,654407124 mb-seconds,2149,tbd
c:\users\driesseb\dev\openeo-classification\src\openeo_classification\resources\training_data\crops_of_interest\sentinelhub\sampleable_polygons_year2018_zone32_id910091109120_p1.json,finished,8ad569d7-1f17-48ad-82e2-647c7327f473,162902 cpu-seconds,663661892 mb-seconds,2083,tbd
c:\users\driesseb\dev\openeo-classification\src\openeo_classification\resources\training_data\crops_of_interest\sentinelhub\sampleable_polygons_year2018_zone33_id1110_p0.json,error,89821302-174b-4c08-9302-9dc384816e27,98463 cpu-seconds,401098008 mb-seconds,1189,tbd
c:\users\driesseb\dev\openeo-classification\src\openeo_classification\resources\training_data\crops_of_interest\sentinelhub\sampleable_polygons_year2018_zone33_id1110_p1.json,finished,7a69e5a6-9d4f-413a-abc5-d3abeba6d770,117307 cpu-seconds,477520240 mb-seconds,1625,tbd
c:\users\driesseb\dev\openeo-classification\src\openeo_classification\resources\training_data\crops_of_interest\sentinelhub\sampleable_polygons_year2018_zone33_id1200_p0.json,error,e0949889-75d0-4bc3-9662-d53ae0a50e9d,88310 cpu-seconds,359180601 mb-seconds,1370,tbd
c:\users\driesseb\dev\openeo-classification\src\openeo_classification\resources\training_data\crops_of_interest\sentinelhub\sampleable_polygons_year2018_zone33_id1200_p1.json,finished,831cf757-7d75-497d-95a0-4759f2311ec5,97654 cpu-seconds,397916762 mb-seconds,1213,tbd
c:\users\driesseb\dev\openeo-classification\src\openeo_classification\resources\training_data\crops_of_interest\sentinelhub\sampleable_polygons_year2018_zone33_id1200_p2.json,finished,dc5dbd3e-89a8-4325-8249-64ee42826367,110814 cpu-seconds,450512713 mb-seconds,1956,tbd
c:\users\driesseb\dev\openeo-classification\src\openeo_classification\resources\training_data\crops_of_interest\sentinelhub\sampleable_polygons_year2018_zone33_id1510_p0.json,error,52db8d54-6d48-41fe-8b45-a4eeebce41b5,77798 cpu-seconds,314922513 mb-seconds,2012,tbd
c:\users\driesseb\dev\openeo-classification\src\openeo_classification\resources\training_data\crops_of_interest\sentinelhub\sampleable_polygons_year2018_zone33_id1510_p1.json,error,8e4f5048-949b-488b-91a5-8bf57486138d,73690 cpu-seconds,299771928 mb-seconds,1249,tbd
c:\users\driesseb\dev\openeo-classification\src\openeo_classification\resources\training_data\crops_of_interest\sentinelhub\sampleable_polygons_year2018_zone33_id1910_p0.json,finished,634be5ba-32ea-48ab-9d60-f02cd8c5210d,66309 cpu-seconds,269866857 mb-seconds,1028,tbd
c:\users\driesseb\dev\openeo-classification\src\openeo_classification\resources\training_data\crops_of_interest\sentinelhub\sampleable_polygons_year2018_zone33_id1910_p1.json,error,a683ad80-bb93-4a5e-9eee-c8f9abd44598,60547 cpu-seconds,245222690 mb-seconds,1453,tbd
c:\users\driesseb\dev\openeo-classification\src\openeo_classification\resources\training_data\crops_of_interest\sentinelhub\sampleable_polygons_year2018_zone33_id4351_p0.json,finished,39a2ec7e-6ec9-4d44-b7dc-f25ca882308a,67841 cpu-seconds,276448451 mb-seconds,1008,tbd
c:\users\driesseb\dev\openeo-classification\src\openeo_classification\resources\training_data\crops_of_interest\sentinelhub\sampleable_polygons_year2018_zone33_id5100_p0.json,finished,0b3c5d07-8a7a-44a5-8e05-c02f096cf5b5,76462 cpu-seconds,310347891 mb-seconds,1659,tbd
c:\users\driesseb\dev\openeo-classification\src\openeo_classification\resources\training_data\crops_of_interest\sentinelhub\sampleable_polygons_year2018_zone33_id8100_p0.json,finished,17a4d113-680b-4fe3-ab2c-0a6aed01e639,41080 cpu-seconds,166545837 mb-seconds,1085,tbd
c:\users\driesseb\dev\openeo-classification\src\openeo_classification\resources\training_data\crops_of_interest\sentinelhub\sampleable_polygons_year2018_zone33_id910091109120_p0.json,error,8a7c0b2f-852a-49b7-bca0-fd76ddae4d5e,87903 cpu-seconds,358025597 mb-seconds,1125,tbd
c:\users\driesseb\dev\openeo-classification\src\openeo_classification\resources\training_data\crops_of_interest\sentinelhub\sampleable_polygons_year2018_zone33_id910091109120_p1.json,error,d8b2e66b-b116-4e2e-9b52-304493983c05,95039 cpu-seconds,386489377 mb-seconds,1499,tbd
c:\users\driesseb\dev\openeo-classification\src\openeo_classification\resources\training_data\crops_of_interest\sentinelhub\sampleable_polygons_year2018_zone33_id910091109120_p2.json,error,aef53dcf-72da-4198-841d-a26f2f0cfdd5,86122 cpu-seconds,350524442 mb-seconds,1276,tbd
c:\users\driesseb\dev\openeo-classification\src\openeo_classification\resources\training_data\crops_of_interest\sentinelhub\sampleable_polygons_year2018_zone31_id1110_p0.json,finished,c51c08f8-4930-4809-91d2-4e8be3179eae,166472 cpu-seconds,677569835 mb-seconds,2336,tbd
c:\users\driesseb\dev\openeo-classification\src\openeo_classification\resources\training_data\crops_of_interest\sentinelhub\sampleable_polygons_year2018_zone31_id1110_p1.json,finished,b6cc5712-1be7-45b0-ac02-f20c6b0e98b8,195780 cpu-seconds,797136888 mb-seconds,2624,tbd
c:\users\driesseb\dev\openeo-classification\src\openeo_classification\resources\training_data\crops_of_interest\sentinelhub\sampleable_polygons_year2018_zone31_id1110_p2.json,finished,319dd572-dc8a-46d6-85a9-e2c5d1d21c3c,211191 cpu-seconds,859872200 mb-seconds,2922,tbd
c:\users\driesseb\dev\openeo-classification\src\openeo_classification\resources\training_data\crops_of_interest\sentinelhub\sampleable_polygons_year2018_zone31_id1110_p3.json,finished,6e2a3202-470b-40bb-a946-d0c9f0cb9a3a,222886 cpu-seconds,907226103 mb-seconds,3078,tbd
c:\users\driesseb\dev\openeo-classification\src\openeo_classification\resources\training_data\crops_of_interest\sentinelhub\sampleable_polygons_year2018_zone31_id1200_p0.json,finished,6be6141b-ac87-499f-9c5a-bd0df77f8cfe,170882 cpu-seconds,695718270 mb-seconds,2342,tbd
c:\users\driesseb\dev\openeo-classification\src\openeo_classification\resources\training_data\crops_of_interest\sentinelhub\sampleable_polygons_year2018_zone31_id1200_p1.json,finished,28a7e025-e2fe-4084-a68b-699d6d13dcdd,189636 cpu-seconds,772448745 mb-seconds,2439,tbd
c:\users\driesseb\dev\openeo-classification\src\openeo_classification\resources\training_data\crops_of_interest\sentinelhub\sampleable_polygons_year2018_zone31_id1510_p0.json,finished,3e1949f9-3c4d-45a7-b98a-9233c0c78758,185501 cpu-seconds,754842071 mb-seconds,2726,tbd
c:\users\driesseb\dev\openeo-classification\src\openeo_classification\resources\training_data\crops_of_interest\sentinelhub\sampleable_polygons_year2018_zone31_id1510_p1.json,finished,79d9dfd8-3789-4f22-96e4-90012ba8558c,170714 cpu-seconds,694873213 mb-seconds,2373,tbd
c:\users\driesseb\dev\openeo-classification\src\openeo_classification\resources\training_data\crops_of_interest\sentinelhub\sampleable_polygons_year2018_zone31_id1510_p2.json,finished,dccd5fd3-63c0-407e-a8b6-785bd61a3c04,179374 cpu-seconds,730201192 mb-seconds,2423,tbd
c:\users\driesseb\dev\openeo-classification\src\openeo_classification\resources\training_data\crops_of_interest\sentinelhub\sampleable_polygons_year2018_zone31_id1510_p3.json,finished,f4d813b6-d979-4dd8-85ee-c6f9a9c763b6,171421 cpu-seconds,697790764 mb-seconds,2379,tbd
c:\users\driesseb\dev\openeo-classification\src\openeo_classification\resources\training_data\crops_of_interest\sentinelhub\sampleable_polygons_year2018_zone31_id1910_p0.json,finished,0ce857ce-0f88-4b38-bdbf-67d3e302bbff,145424 cpu-seconds,592038151 mb-seconds,2045,tbd
c:\users\driesseb\dev\openeo-classification\src\openeo_classification\resources\training_data\crops_of_interest\sentinelhub\sampleable_polygons_year2018_zone31_id1910_p1.json,finished,449db217-04e1-42f5-801b-9e8a21607d65,121695 cpu-seconds,495547684 mb-seconds,1677,tbd
c:\users\driesseb\dev\openeo-classification\src\openeo_classification\resources\training_data\crops_of_interest\sentinelhub\sampleable_polygons_year2018_zone31_id4351_p0.json,finished,e516bc5e-b03c-4a75-9a20-cd0911768193,197879 cpu-seconds,805812758 mb-seconds,2565,tbd
c:\users\driesseb\dev\openeo-classification\src\openeo_classification\resources\training_data\crops_of_interest\sentinelhub\sampleable_polygons_year2018_zone31_id4351_p1.json,finished,52056f32-cf9c-4c1a-9215-9712ac7b1aae,181088 cpu-seconds,737721622 mb-seconds,2294,tbd
c:\users\driesseb\dev\openeo-classification\src\openeo_classification\resources\training_data\crops_of_interest\sentinelhub\sampleable_polygons_year2018_zone31_id4351_p2.json,finished,169e4c10-3732-4b3b-b655-83df47a874c5,181171 cpu-seconds,737366774 mb-seconds,2494,tbd
c:\users\driesseb\dev\openeo-classification\src\openeo_classification\resources\training_data\crops_of_interest\sentinelhub\sampleable_polygons_year2018_zone31_id5100_p0.json,finished,c5f4b8a6-0162-45dc-b1be-ccaba6047bbb,98260 cpu-seconds,399359993 mb-seconds,1661,tbd
c:\users\driesseb\dev\openeo-classification\src\openeo_classification\resources\training_data\crops_of_interest\sentinelhub\sampleable_polygons_year2018_zone31_id8100_p0.json,finished,e6c046f3-8846-4505-a070-be2b94ad20dc,86464 cpu-seconds,351826963 mb-seconds,1461,tbd
c:\users\driesseb\dev\openeo-classification\src\openeo_classification\resources\training_data\crops_of_interest\sentinelhub\sampleable_polygons_year2018_zone31_id910091109120_p0.json,finished,5d844a16-4ef7-43b9-93cb-a1adf59fe855,208058 cpu-seconds,846828874 mb-seconds,2780,tbd
c:\users\driesseb\dev\openeo-classification\src\openeo_classification\resources\training_data\crops_of_interest\sentinelhub\sampleable_polygons_year2018_zone31_id910091109120_p1.json,finished,4efe24d3-cc68-444d-bec0-a42278d87a44,226458 cpu-seconds,921695392 mb-seconds,3143,tbd
c:\users\driesseb\dev\openeo-classification\src\openeo_classification\resources\training_data\crops_of_interest\sentinelhub\sampleable_polygons_year2018_zone31_id910091109120_p2.json,finished,d37b5a6e-672f-4ce5-a163-accbfbb101d6,217126 cpu-seconds,883667337 mb-seconds,3078,tbd
c:\users\driesseb\dev\openeo-classification\src\openeo_classification\resources\training_data\crops_of_interest\sentinelhub\sampleable_polygons_year2018_zone30_id1110_p0.json,finished,5735d4b8-c702-4097-b498-c5f198ad8864,165776 cpu-seconds,675226226 mb-seconds,2069,tbd
c:\users\driesseb\dev\openeo-classification\src\openeo_classification\resources\training_data\crops_of_interest\sentinelhub\sampleable_polygons_year2018_zone30_id1110_p1.json,finished,a702c976-b889-4482-a4bd-ff8edd1cc7f1,164318 cpu-seconds,669088765 mb-seconds,2222,tbd
c:\users\driesseb\dev\openeo-classification\src\openeo_classification\resources\training_data\crops_of_interest\sentinelhub\sampleable_polygons_year2018_zone30_id1110_p2.json,finished,97ee226d-830c-455f-bc30-bd702ce1c95a,172722 cpu-seconds,703425702 mb-seconds,2266,tbd
c:\users\driesseb\dev\openeo-classification\src\openeo_classification\resources\training_data\crops_of_interest\sentinelhub\sampleable_polygons_year2018_zone30_id1200_p0.json,finished,51f1be41-3a3d-4f8a-86d3-dfeea0d2d674,167189 cpu-seconds,680540633 mb-seconds,2336,tbd
c:\users\driesseb\dev\openeo-classification\src\openeo_classification\resources\training_data\crops_of_interest\sentinelhub\sampleable_polygons_year2018_zone30_id1200_p1.json,error,b3e03faf-4f24-4a45-ac0a-40909f3a0e8b,79449 cpu-seconds,323373357 mb-seconds,1159,tbd
c:\users\driesseb\dev\openeo-classification\src\openeo_classification\resources\training_data\crops_of_interest\sentinelhub\sampleable_polygons_year2018_zone30_id1200_p2.json,error,7f5fc037-e8b8-4438-9666-a591066839de,44347 cpu-seconds,180322028 mb-seconds,817,tbd
c:\users\driesseb\dev\openeo-classification\src\openeo_classification\resources\training_data\crops_of_interest\sentinelhub\sampleable_polygons_year2018_zone30_id1510_p0.json,finished,df0dc9c3-3673-4ed3-9d8f-04c540826d3b,136045 cpu-seconds,553766959 mb-seconds,2017,tbd
c:\users\driesseb\dev\openeo-classification\src\openeo_classification\resources\training_data\crops_of_interest\sentinelhub\sampleable_polygons_year2018_zone30_id1510_p1.json,finished,20e013ec-bbd0-49e2-800c-de188e47a8f6,163982 cpu-seconds,667770191 mb-seconds,2119,tbd
c:\users\driesseb\dev\openeo-classification\src\openeo_classification\resources\training_data\crops_of_interest\sentinelhub\sampleable_polygons_year2018_zone30_id1910_p0.json,error,3fad75de-7c6a-4f42-b028-e3f191ef3536,2233 cpu-seconds,8767970 mb-seconds,210,tbd
c:\users\driesseb\dev\openeo-classification\src\openeo_classification\resources\training_data\crops_of_interest\sentinelhub\sampleable_polygons_year2018_zone30_id4351_p0.json,error,07bed12e-5db7-4931-9b0d-a8212660e30f,7738 cpu-seconds,31209686 mb-seconds,370,tbd
c:\users\driesseb\dev\openeo-classification\src\openeo_classification\resources\training_data\crops_of_interest\sentinelhub\sampleable_polygons_year2018_zone30_id4351_p1.json,error,bf36a209-cabe-4602-8ad7-cca1482f2e67,4335 cpu-seconds,17359008 mb-seconds,356,tbd
c:\users\driesseb\dev\openeo-classification\src\openeo_classification\resources\training_data\crops_of_interest\sentinelhub\sampleable_polygons_year2018_zone30_id5100_p0.json,error,58772304-0bc6-43a8-878d-0797ada1c203,1464 cpu-seconds,5675657 mb-seconds,182,tbd
c:\users\driesseb\dev\openeo-classification\src\openeo_classification\resources\training_data\crops_of_interest\sentinelhub\sampleable_polygons_year2018_zone30_id8100_p0.json,error,99412b88-a94a-4cf4-b928-ad345bba71b9,1520 cpu-seconds,5889760 mb-seconds,179,tbd
c:\users\driesseb\dev\openeo-classification\src\openeo_classification\resources\training_data\crops_of_interest\sentinelhub\sampleable_polygons_year2018_zone30_id910091109120_p0.json,error,d4f2a7ab-fbd9-4f88-9c33-ae565908b2da,4449 cpu-seconds,17538235 mb-seconds,463,tbd
c:\users\driesseb\dev\openeo-classification\src\openeo_classification\resources\training_data\crops_of_interest\sentinelhub\sampleable_polygons_year2018_zone30_id910091109120_p1.json,error,4976dca8-99fd-4c62-88d0-de4f066d7fbd,4466 cpu-seconds,17696078 mb-seconds,453,tbd
c:\users\driesseb\dev\openeo-classification\src\openeo_classification\resources\training_data\crops_of_interest\terrascope\sampleable_polygons_year2019_zone31_id1110_p0.json,error,bc38552f-715b-45c6-8af6-8225a9fd5351,8589 cpu-seconds,35009146 mb-seconds,185,tbd
c:\users\driesseb\dev\openeo-classification\src\openeo_classification\resources\training_data\crops_of_interest\terrascope\sampleable_polygons_year2019_zone31_id1200_p0.json,error,c8195f6d-2ff9-47d3-a77e-700744162a2a,8815 cpu-seconds,35962049 mb-seconds,204,tbd
c:\users\driesseb\dev\openeo-classification\src\openeo_classification\resources\training_data\crops_of_interest\terrascope\sampleable_polygons_year2019_zone31_id1200_p1.json,error,76d6a91d-641e-4b2e-a44f-99bbbae82bc6,7982 cpu-seconds,32581212 mb-seconds,179,tbd
c:\users\driesseb\dev\openeo-classification\src\openeo_classification\resources\training_data\crops_of_interest\terrascope\sampleable_polygons_year2019_zone31_id1200_p2.json,error,f4a80edb-e62d-4a13-8c5f-a06c3b559598,8301 cpu-seconds,33932100 mb-seconds,177,tbd
c:\users\driesseb\dev\openeo-classification\src\openeo_classification\resources\training_data\crops_of_interest\terrascope\sampleable_polygons_year2019_zone31_id1510_p0.json,error,e2f5dbf3-b417-4892-a610-90228ef4ae6a,8918 cpu-seconds,36339429 mb-seconds,208,tbd
c:\users\driesseb\dev\openeo-classification\src\openeo_classification\resources\training_data\crops_of_interest\terrascope\sampleable_polygons_year2019_zone31_id1910_p0.json,error,e70b5245-7491-4f12-92bb-ae7065a2eb26,6466 cpu-seconds,26386526 mb-seconds,185,tbd
c:\users\driesseb\dev\openeo-classification\src\openeo_classification\resources\training_data\crops_of_interest\terrascope\sampleable_polygons_year2019_zone31_id4351_p0.json,error,64669150-2530-42bd-8b3b-8fddbd49a2bc,541 cpu-seconds,2004313 mb-seconds,109,tbd
c:\users\driesseb\dev\openeo-classification\src\openeo_classification\resources\training_data\crops_of_interest\terrascope\sampleable_polygons_year2019_zone31_id5100_p0.json,error,d25fa3c6-38e0-4fd5-b710-990804b5e040,9809 cpu-seconds,39960506 mb-seconds,196,tbd
c:\users\driesseb\dev\openeo-classification\src\openeo_classification\resources\training_data\crops_of_interest\terrascope\sampleable_polygons_year2019_zone31_id5100_p1.json,error,dc30c11c-7d91-47f7-ab94-786d3629ed4a,11024 cpu-seconds,44985489 mb-seconds,229,tbd
c:\users\driesseb\dev\openeo-classification\src\openeo_classification\resources\training_data\crops_of_interest\terrascope\sampleable_polygons_year2019_zone31_id8100_p0.json,error,1742c071-6052-455d-80be-fd62fd1d39c7,2559 cpu-seconds,10233041 mb-seconds,170,tbd
c:\users\driesseb\dev\openeo-classification\src\openeo_classification\resources\training_data\crops_of_interest\terrascope\sampleable_polygons_year2019_zone31_id910091109120_p0.json,error,0cded3a6-c609-4437-9bbe-80bdeca49e66,7219 cpu-seconds,29468494 mb-seconds,176,tbd
c:\users\driesseb\dev\openeo-classification\src\openeo_classification\resources\training_data\crops_of_interest\sentinelhub\sampleable_polygons_year2019_zone32_id1110_p0.json,error,f1f96f99-7f5e-4df1-88e2-d9c4fc4cf62d,1309 cpu-seconds,5092928 mb-seconds,174,tbd
c:\users\driesseb\dev\openeo-classification\src\openeo_classification\resources\training_data\crops_of_interest\sentinelhub\sampleable_polygons_year2019_zone32_id1200_p0.json,error,63f8fa01-3419-459b-a17f-9f26f9ae459f,2722 cpu-seconds,10942704 mb-seconds,195,tbd
c:\users\driesseb\dev\openeo-classification\src\openeo_classification\resources\training_data\crops_of_interest\sentinelhub\sampleable_polygons_year2019_zone32_id1910_p0.json,error,f532c435-6d00-46fb-bead-810054466fd7,890 cpu-seconds,3382065 mb-seconds,135,tbd
c:\users\driesseb\dev\openeo-classification\src\openeo_classification\resources\training_data\crops_of_interest\sentinelhub\sampleable_polygons_year2019_zone32_id4351_p0.json,error,91f7ac7b-90d0-4b34-a7f7-aeed6d393ddb,553 cpu-seconds,2064735 mb-seconds,105,tbd
c:\users\driesseb\dev\openeo-classification\src\openeo_classification\resources\training_data\crops_of_interest\sentinelhub\sampleable_polygons_year2019_zone32_id5100_p0.json,error,0567cb23-73fe-47f5-a393-b3cfb0e5f5e9,1086 cpu-seconds,4083011 mb-seconds,186,tbd
c:\users\driesseb\dev\openeo-classification\src\openeo_classification\resources\training_data\crops_of_interest\sentinelhub\sampleable_polygons_year2019_zone32_id910091109120_p0.json,error,5094233e-1148-485b-bd88-090d940903e2,4549 cpu-seconds,18114501 mb-seconds,372,tbd
c:\users\driesseb\dev\openeo-classification\src\openeo_classification\resources\training_data\crops_of_interest\sentinelhub\sampleable_polygons_year2019_zone33_id1110_p0.json,error,abb80efd-a3ef-4d94-9b55-a2e949082641,6293 cpu-seconds,25497487 mb-seconds,334,tbd
c:\users\driesseb\dev\openeo-classification\src\openeo_classification\resources\training_data\crops_of_interest\sentinelhub\sampleable_polygons_year2019_zone33_id1110_p1.json,error,fd3f2861-f3dd-4d3e-b81d-2383ae2ed29b,3055 cpu-seconds,12137436 mb-seconds,264,tbd
c:\users\driesseb\dev\openeo-classification\src\openeo_classification\resources\training_data\crops_of_interest\sentinelhub\sampleable_polygons_year2019_zone33_id1200_p0.json,error,d56a0d75-87b8-4023-86c5-abcf7cc07d75,8747 cpu-seconds,35443335 mb-seconds,296,tbd
c:\users\driesseb\dev\openeo-classification\src\openeo_classification\resources\training_data\crops_of_interest\sentinelhub\sampleable_polygons_year2019_zone33_id1200_p1.json,error,75eb9b4b-73e2-4d9c-a6d0-43f13a2cfd58,8342 cpu-seconds,33779048 mb-seconds,297,tbd
c:\users\driesseb\dev\openeo-classification\src\openeo_classification\resources\training_data\crops_of_interest\sentinelhub\sampleable_polygons_year2019_zone33_id1200_p2.json,error,05b03bb6-e333-4893-9681-8e374aadfd90,4918 cpu-seconds,19833827 mb-seconds,245,tbd
c:\users\driesseb\dev\openeo-classification\src\openeo_classification\resources\training_data\crops_of_interest\sentinelhub\sampleable_polygons_year2019_zone33_id1510_p0.json,error,56031171-7ff5-46ac-915c-ac41908ee154,4754 cpu-seconds,19256243 mb-seconds,258,tbd
c:\users\driesseb\dev\openeo-classification\src\openeo_classification\resources\training_data\crops_of_interest\sentinelhub\sampleable_polygons_year2019_zone33_id1510_p1.json,error,ddfedaf9-2e48-4a38-9c24-8ba0c0fdde40,7380 cpu-seconds,29823446 mb-seconds,304,tbd
c:\users\driesseb\dev\openeo-classification\src\openeo_classification\resources\training_data\crops_of_interest\sentinelhub\sampleable_polygons_year2019_zone33_id1910_p0.json,error,78ac94e4-f1a4-41ca-b6b3-2ef04220339d,6654 cpu-seconds,26871313 mb-seconds,299,tbd
c:\users\driesseb\dev\openeo-classification\src\openeo_classification\resources\training_data\crops_of_interest\sentinelhub\sampleable_polygons_year2019_zone33_id1910_p1.json,error,83580ae7-e4b4-4560-ad5f-37b1abfb25a9,4057 cpu-seconds,16303918 mb-seconds,272,tbd
c:\users\driesseb\dev\openeo-classification\src\openeo_classification\resources\training_data\crops_of_interest\sentinelhub\sampleable_polygons_year2019_zone33_id4351_p0.json,error,e60edfe0-4c67-49bc-8304-3348a430f76d,6855 cpu-seconds,27814307 mb-seconds,292,tbd
c:\users\driesseb\dev\openeo-classification\src\openeo_classification\resources\training_data\crops_of_interest\sentinelhub\sampleable_polygons_year2019_zone33_id5100_p0.json,error,84f4495f-37ce-49f6-9faa-5b1e21bdca69,4941 cpu-seconds,19854756 mb-seconds,272,tbd
c:\users\driesseb\dev\openeo-classification\src\openeo_classification\resources\training_data\crops_of_interest\sentinelhub\sampleable_polygons_year2019_zone33_id8100_p0.json,error,bc9b4edd-a4e9-40da-a96c-235d5a94b57a,2062 cpu-seconds,8160371 mb-seconds,172,tbd
c:\users\driesseb\dev\openeo-classification\src\openeo_classification\resources\training_data\crops_of_interest\sentinelhub\sampleable_polygons_year2019_zone33_id910091109120_p0.json,error,2c8e8579-1bd3-48fd-9731-5f02aa550401,2898 cpu-seconds,11534329 mb-seconds,286,tbd
c:\users\driesseb\dev\openeo-classification\src\openeo_classification\resources\training_data\crops_of_interest\sentinelhub\sampleable_polygons_year2019_zone33_id910091109120_p1.json,error,42262d70-62a8-42ff-969a-8591918b323d,55408 cpu-seconds,225510446 mb-seconds,821,tbd
c:\users\driesseb\dev\openeo-classification\src\openeo_classification\resources\training_data\crops_of_interest\sentinelhub\sampleable_polygons_year2019_zone33_id910091109120_p2.json,error,d907b216-f804-44f7-b8c5-c65cbac5e925,4963 cpu-seconds,19801440 mb-seconds,328,tbd
c:\users\driesseb\dev\openeo-classification\src\openeo_classification\resources\training_data\crops_of_interest\sentinelhub\sampleable_polygons_year2019_zone31_id1110_p0.json,error,02f089af-cff6-47ff-a224-f8f82e638e9b,51683 cpu-seconds,209599055 mb-seconds,1178,tbd
c:\users\driesseb\dev\openeo-classification\src\openeo_classification\resources\training_data\crops_of_interest\sentinelhub\sampleable_polygons_year2019_zone31_id1110_p1.json,error,6b75b565-705d-40ab-8670-3834fa7fd6e3,46621 cpu-seconds,188865751 mb-seconds,1122,tbd
c:\users\driesseb\dev\openeo-classification\src\openeo_classification\resources\training_data\crops_of_interest\sentinelhub\sampleable_polygons_year2019_zone31_id1110_p2.json,running,61f74dd8-8079-40f2-8188-31f48599eeef,4008 cpu-seconds,15199639 mb-seconds,0,tbd
c:\users\driesseb\dev\openeo-classification\src\openeo_classification\resources\training_data\crops_of_interest\sentinelhub\sampleable_polygons_year2019_zone31_id1110_p3.json,running,37ed3429-bad1-47b6-af15-f0870ddedd45,3033 cpu-seconds,11495338 mb-seconds,0,tbd
